{
  "name": "singleFollower (Custom)",
  "shortDescription": "singleFollower (Custom)",
  "longDescription": "<p>Custom robot created in the configurator.</p>",
  "longerDescription": "<h3>#robot-dimensions#</h3><ul><li>#robot-wheelDiameter#: 4 cm</li><li>#robot-wheelSpacing#: 17.5 cm</li></ul><h3>#robot-actuators#</h3><ul><li>#robot-port# A : #robot-leftWheel#</li><li>#robot-port# B : #robot-rightWheel#</li></ul><h3>#robot-sensors#</h3><ul><li>#robot-port# 1 : #robot-color#</li><li>#robot-port# 2 : #robot-color#</li><li>#robot-port# 3 : #robot-color#</li><li>#robot-port# 4 : #robot-color#</li><li>#robot-port# 5 : #robot-color#</li><li>#robot-port# 6 : #robot-color#</li><li>#robot-port# 7 : #robot-color#</li><li>#robot-port# 8 : #robot-color#</li><li>#robot-port# 9 : #robot-touch#</li></ul>",
  "thumbnail": "",
  "bodyHeight": 0.5,
  "bodyWidth": 14.5,
  "bodyLength": 6.5,
  "wheels": true,
  "wheelDiameter": 4,
  "wheelWidth": 2.6,
  "wheelToBodyOffset": 0.2,
  "bodyEdgeToWheelCenterY": 1,
  "bodyEdgeToWheelCenterZ": 2,
  "bodyMass": 5000,
  "wheelMass": 200,
  "casterMass": 0,
  "caster": true,
  "wheelFriction": 10,
  "bodyFriction": 0,
  "casterFriction": 0,
  "color": "#F09C0D",
  "imageType": "all",
  "imageURL": "",
  "components": [
    {
      "type": "Box",
      "position": [
        0,
        0,
        -12
      ],
      "rotation": [
        0,
        0,
        0
      ],
      "options": {
        "height": 0.5,
        "width": 2,
        "depth": 20,
        "color": "A3CF0D",
        "imageType": "repeat",
        "imageURL": "",
        "uScale": 1,
        "vScale": 1
      }
    },
    {
      "type": "Box",
      "position": [
        0,
        0,
        -21
      ],
      "rotation": [
        0,
        0,
        0
      ],
      "options": {
        "height": 0.5,
        "width": 11,
        "depth": 1,
        "color": "A3CF0D",
        "imageType": "repeat",
        "imageURL": "",
        "uScale": 1,
        "vScale": 1
      }
    },
    {
      "type": "ColorSensor",
      "position": [
        -1,
        1,
        -21
      ],
      "rotation": [
        1.5707963267948966,
        0,
        0
      ],
      "options": {}
    },
    {
      "type": "ColorSensor",
      "position": [
        -3,
        1,
        -21
      ],
      "rotation": [
        1.5707963267948966,
        0,
        0
      ],
      "options": {}
    },
    {
      "type": "ColorSensor",
      "position": [
        -5,
        1,
        -20
      ],
      "rotation": [
        1.5707963267948966,
        0,
        0
      ],
      "options": {}
    },
    {
      "type": "ColorSensor",
      "position": [
        -6,
        1,
        -18
      ],
      "rotation": [
        1.5707963267948966,
        0,
        0
      ],
      "options": {}
    },
    {
      "type": "ColorSensor",
      "position": [
        1.057255416740323,
        1,
        -21
      ],
      "rotation": [
        1.5707963267948966,
        0,
        0
      ],
      "options": {}
    },
    {
      "type": "ColorSensor",
      "position": [
        3,
        1,
        -21
      ],
      "rotation": [
        1.5707963267948966,
        0,
        0
      ],
      "options": {}
    },
    {
      "type": "ColorSensor",
      "position": [
        5,
        1,
        -20
      ],
      "rotation": [
        1.5707963267948966,
        0,
        0
      ],
      "options": {}
    },
    {
      "type": "ColorSensor",
      "position": [
        6,
        1,
        -18
      ],
      "rotation": [
        1.5707963267948966,
        0,
        0
      ],
      "options": {}
    },
    {
      "type": "TouchSensor",
      "position": [
        0,
        1,
        -21
      ],
      "rotation": [
        1.5707963267948966,
        0,
        0
      ],
      "options": {
        "width": 2,
        "depth": 2
      }
    }
  ],
  "options": {},
  "casterDiameter": 1.9,
  "casterOffsetZ": -17
}